{
  "study_name": "EchoLoc-NN Breakthrough Analysis 2025",
  "timestamp": "2025-08-20T19:59:54.471131",
  "baseline_algorithms": [
    "Baseline_CNN",
    "Baseline_Transformer"
  ],
  "novel_algorithms": [
    "Quantum_Spatial_Fusion",
    "Adaptive_Quantum_Classical",
    "Entanglement_Enhanced"
  ],
  "datasets": [
    "indoor_office",
    "outdoor_complex",
    "edge_devices"
  ],
  "results": [
    {
      "algorithm_name": "Baseline_CNN",
      "dataset": "indoor_office",
      "accuracy": 0.762,
      "inference_time_ms": 0.0013113021850585938,
      "convergence_iterations": 109,
      "quantum_advantage": 0.0,
      "breakthrough_score": 0.6809960660934449,
      "statistical_significance": 0.9956445993031359,
      "reproducibility_score": 0.3302154169159903,
      "metadata": {
        "num_runs": 10,
        "accuracy_std": 0.010540925533894607,
        "inference_time_std": 0.0017384404225530114,
        "is_baseline": true
      }
    },
    {
      "algorithm_name": "Baseline_Transformer",
      "dataset": "indoor_office",
      "accuracy": 0.8019999999999999,
      "inference_time_ms": 0.000762939453125,
      "convergence_iterations": 109,
      "quantum_advantage": 0.0,
      "breakthrough_score": 0.7009977111816406,
      "statistical_significance": 0.9958609271523179,
      "reproducibility_score": 0.7371360791046673,
      "metadata": {
        "num_runs": 10,
        "accuracy_std": 0.010540925533894607,
        "inference_time_std": 0.0005125845431199741,
        "is_baseline": true
      }
    },
    {
      "algorithm_name": "Quantum_Spatial_Fusion",
      "dataset": "indoor_office",
      "accuracy": 0.9349999999999999,
      "inference_time_ms": 0.0012874603271484375,
      "convergence_iterations": 72,
      "quantum_advantage": 0.22999999999999998,
      "breakthrough_score": 0.8594961376190186,
      "statistical_significance": 0.9854092267422516,
      "reproducibility_score": 0.2931014279946066,
      "metadata": {
        "num_runs": 10,
        "accuracy_std": 0.04377975178854565,
        "inference_time_std": 0.0017599246388329073,
        "is_baseline": false
      }
    },
    {
      "algorithm_name": "Adaptive_Quantum_Classical",
      "dataset": "indoor_office",
      "accuracy": 0.915,
      "inference_time_ms": 0.0006198883056640625,
      "convergence_iterations": 72,
      "quantum_advantage": 0.22999999999999998,
      "breakthrough_score": 0.849498140335083,
      "statistical_significance": 0.9850950562809724,
      "reproducibility_score": 0.8927247999236236,
      "metadata": {
        "num_runs": 10,
        "accuracy_std": 0.04377975178854565,
        "inference_time_std": 0.00016670367688658263,
        "is_baseline": false
      }
    },
    {
      "algorithm_name": "Entanglement_Enhanced",
      "dataset": "indoor_office",
      "accuracy": 0.9485000000000001,
      "inference_time_ms": 0.0008821487426757812,
      "convergence_iterations": 38,
      "quantum_advantage": 0.33999999999999997,
      "breakthrough_score": 0.910247353553772,
      "statistical_significance": 0.9904281239122869,
      "reproducibility_score": 0.8156642260383203,
      "metadata": {
        "num_runs": 10,
        "accuracy_std": 0.02898754521821017,
        "inference_time_std": 0.0003381100874929849,
        "is_baseline": false
      }
    },
    {
      "algorithm_name": "Baseline_CNN",
      "dataset": "outdoor_complex",
      "accuracy": 0.762,
      "inference_time_ms": 0.0005245208740234375,
      "convergence_iterations": 109,
      "quantum_advantage": 0.0,
      "breakthrough_score": 0.6809984264373778,
      "statistical_significance": 0.9956445993031359,
      "reproducibility_score": 0.8990498264797345,
      "metadata": {
        "num_runs": 10,
        "accuracy_std": 0.010540925533894607,
        "inference_time_std": 0.0001880671114317454,
        "is_baseline": true
      }
    },
    {
      "algorithm_name": "Baseline_Transformer",
      "dataset": "outdoor_complex",
      "accuracy": 0.8019999999999999,
      "inference_time_ms": 0.00057220458984375,
      "convergence_iterations": 109,
      "quantum_advantage": 0.0,
      "breakthrough_score": 0.7009982833862305,
      "statistical_significance": 0.9958609271523179,
      "reproducibility_score": 0.910076512221363,
      "metadata": {
        "num_runs": 10,
        "accuracy_std": 0.010540925533894607,
        "inference_time_std": 0.00016670367688658263,
        "is_baseline": true
      }
    },
    {
      "algorithm_name": "Quantum_Spatial_Fusion",
      "dataset": "outdoor_complex",
      "accuracy": 0.9349999999999999,
      "inference_time_ms": 0.0008344650268554688,
      "convergence_iterations": 72,
      "quantum_advantage": 0.22999999999999998,
      "breakthrough_score": 0.8594974966049194,
      "statistical_significance": 0.9854092267422516,
      "reproducibility_score": 0.7237072769621515,
      "metadata": {
        "num_runs": 10,
        "accuracy_std": 0.04377975178854565,
        "inference_time_std": 0.0005057621821307283,
        "is_baseline": false
      }
    },
    {
      "algorithm_name": "Adaptive_Quantum_Classical",
      "dataset": "outdoor_complex",
      "accuracy": 0.915,
      "inference_time_ms": 0.0005483627319335938,
      "convergence_iterations": 72,
      "quantum_advantage": 0.22999999999999998,
      "breakthrough_score": 0.8494983549118041,
      "statistical_significance": 0.9850950562809724,
      "reproducibility_score": 0.9184930808160497,
      "metadata": {
        "num_runs": 10,
        "accuracy_std": 0.04377975178854565,
        "inference_time_std": 0.00011516711510173034,
        "is_baseline": false
      }
    },
    {
      "algorithm_name": "Entanglement_Enhanced",
      "dataset": "outdoor_complex",
      "accuracy": 0.9485000000000001,
      "inference_time_ms": 0.0007152557373046875,
      "convergence_iterations": 38,
      "quantum_advantage": 0.33999999999999997,
      "breakthrough_score": 0.9102478542327882,
      "statistical_significance": 0.9904281239122869,
      "reproducibility_score": 0.872327673755762,
      "metadata": {
        "num_runs": 10,
        "accuracy_std": 0.02898754521821017,
        "inference_time_std": 0.0002247831920581015,
        "is_baseline": false
      }
    },
    {
      "algorithm_name": "Baseline_CNN",
      "dataset": "edge_devices",
      "accuracy": 0.762,
      "inference_time_ms": 0.0005006790161132812,
      "convergence_iterations": 109,
      "quantum_advantage": 0.0,
      "breakthrough_score": 0.6809984979629516,
      "statistical_significance": 0.9956445993031359,
      "reproducibility_score": 0.8887043200471658,
      "metadata": {
        "num_runs": 10,
        "accuracy_std": 0.010540925533894607,
        "inference_time_std": 0.0002087581242968829,
        "is_baseline": true
      }
    },
    {
      "algorithm_name": "Baseline_Transformer",
      "dataset": "edge_devices",
      "accuracy": 0.8019999999999999,
      "inference_time_ms": 0.006747245788574219,
      "convergence_iterations": 109,
      "quantum_advantage": 0.0,
      "breakthrough_score": 0.7009797582626343,
      "statistical_significance": 0.9958609271523179,
      "reproducibility_score": -0.4573934891841353,
      "metadata": {
        "num_runs": 10,
        "accuracy_std": 0.010540925533894607,
        "inference_time_std": 0.01957810309778249,
        "is_baseline": true
      }
    },
    {
      "algorithm_name": "Quantum_Spatial_Fusion",
      "dataset": "edge_devices",
      "accuracy": 0.9349999999999999,
      "inference_time_ms": 0.0006437301635742188,
      "convergence_iterations": 72,
      "quantum_advantage": 0.22999999999999998,
      "breakthrough_score": 0.8594980688095092,
      "statistical_significance": 0.9854092267422516,
      "reproducibility_score": 0.8171467169396047,
      "metadata": {
        "num_runs": 10,
        "accuracy_std": 0.04377975178854565,
        "inference_time_std": 0.00031888330217582197,